{"name":"build-javascript","namedChunkGroups":{"app":{"name":"app","assets":[{"name":"webpack-runtime-020511c646e95ca93728.js","size":3592},{"name":"framework-b6abb67d79dfbbb1ffaf.js","size":140761},{"name":"styles.fdfe46c23e4815a42c96.css","size":21802},{"name":"app-16494b6df040414262de.js","size":67900}],"filteredAssets":0,"assetsSize":234055,"filteredAuxiliaryAssets":3,"auxiliaryAssetsSize":607828},"component---src-pages-404-js":{"name":"component---src-pages-404-js","assets":[{"name":"component---src-pages-404-js-ff1c6679ed6752726d3a.js","size":764}],"filteredAssets":0,"assetsSize":764,"filteredAuxiliaryAssets":1,"auxiliaryAssetsSize":1751},"component---src-pages-index-js":{"name":"component---src-pages-index-js","assets":[{"name":"component---src-pages-index-js-0f2d22a132c300826420.js","size":120555}],"filteredAssets":0,"assetsSize":120555,"filteredAuxiliaryAssets":1,"auxiliaryAssetsSize":632595}},"assetsByChunkName":{"app":["webpack-runtime-020511c646e95ca93728.js","framework-b6abb67d79dfbbb1ffaf.js","styles.fdfe46c23e4815a42c96.css","app-16494b6df040414262de.js"],"component---src-pages-404-js":["component---src-pages-404-js-ff1c6679ed6752726d3a.js"],"component---src-pages-index-js":["component---src-pages-index-js-0f2d22a132c300826420.js"]},"childAssetsByChunkName":{}}